{
    "name": "root",
    "metadata": {
        "timer_format_version": "0.1.0",
        "start_time_seconds": "1712854262",
        "python_version": "3.10.12 | packaged by conda-forge | (main, Jun 23 2023, 22:34:57) [MSC v.1936 64 bit (AMD64)]",
        "command_line_arguments": "C:\\Users\\3nigma\\Unity\\Dialogos\\miniconda\\envs\\Dialogos\\Scripts\\mlagents-learn config/sac/Worm2.yaml --run-id=WormAlpha1 --time-scale 1 --quality-level 5 --force",
        "mlagents_version": "1.1.0.dev0",
        "mlagents_envs_version": "1.1.0.dev0",
        "communication_protocol_version": "1.5.0",
        "pytorch_version": "2.2.1+cpu",
        "numpy_version": "1.23.5",
        "end_time_seconds": "1712854348"
    },
    "total": 85.72575959999813,
    "count": 1,
    "self": 0.006982099992455915,
    "children": {
        "run_training.setup": {
            "total": 0.13349279999965802,
            "count": 1,
            "self": 0.13349279999965802
        },
        "TrainerController.start_learning": {
            "total": 85.58528470000601,
            "count": 1,
            "self": 0.039516099699540064,
            "children": {
                "TrainerController._reset_env": {
                    "total": 32.579916700022295,
                    "count": 1,
                    "self": 32.579916700022295
                },
                "TrainerController.advance": {
                    "total": 52.71392080030637,
                    "count": 1717,
                    "self": 0.03680989984422922,
                    "children": {
                        "env_step": {
                            "total": 49.13399119989481,
                            "count": 1717,
                            "self": 47.100704200944165,
                            "children": {
                                "SubprocessEnvManager._take_step": {
                                    "total": 2.0078564995492343,
                                    "count": 1717,
                                    "self": 0.1212072994094342,
                                    "children": {
                                        "TorchPolicy.evaluate": {
                                            "total": 1.8866492001398,
                                            "count": 1717,
                                            "self": 1.8866492001398
                                        }
                                    }
                                },
                                "workers": {
                                    "total": 0.02543049940140918,
                                    "count": 1716,
                                    "self": 0.0,
                                    "children": {
                                        "worker_root": {
                                            "total": 54.09848149988102,
                                            "count": 1716,
                                            "is_parallel": true,
                                            "self": 8.901214599609375,
                                            "children": {
                                                "steps_from_proto": {
                                                    "total": 0.0021652000141330063,
                                                    "count": 1,
                                                    "is_parallel": true,
                                                    "self": 0.00011900000390596688,
                                                    "children": {
                                                        "_process_rank_one_or_two_observation": {
                                                            "total": 0.0020462000102270395,
                                                            "count": 2,
                                                            "is_parallel": true,
                                                            "self": 0.0020462000102270395
                                                        }
                                                    }
                                                },
                                                "UnityEnvironment.step": {
                                                    "total": 45.19510170025751,
                                                    "count": 1716,
                                                    "is_parallel": true,
                                                    "self": 0.1761415013752412,
                                                    "children": {
                                                        "UnityEnvironment._generate_step_input": {
                                                            "total": 0.13446629943791777,
                                                            "count": 1716,
                                                            "is_parallel": true,
                                                            "self": 0.13446629943791777
                                                        },
                                                        "communicator.exchange": {
                                                            "total": 44.52655239921296,
                                                            "count": 1716,
                                                            "is_parallel": true,
                                                            "self": 44.52655239921296
                                                        },
                                                        "steps_from_proto": {
                                                            "total": 0.3579415002313908,
                                                            "count": 1716,
                                                            "is_parallel": true,
                                                            "self": 0.14428380085155368,
                                                            "children": {
                                                                "_process_rank_one_or_two_observation": {
                                                                    "total": 0.21365769937983714,
                                                                    "count": 3432,
                                                                    "is_parallel": true,
                                                                    "self": 0.21365769937983714
                                                                }
                                                            }
                                                        }
                                                    }
                                                }
                                            }
                                        }
                                    }
                                }
                            }
                        },
                        "trainer_advance": {
                            "total": 3.543119700567331,
                            "count": 1716,
                            "self": 0.04404330183751881,
                            "children": {
                                "process_trajectory": {
                                    "total": 0.07365829896298237,
                                    "count": 1716,
                                    "self": 0.07365829896298237
                                },
                                "_update_policy": {
                                    "total": 3.42541809976683,
                                    "count": 717,
                                    "self": 0.0047104001569096,
                                    "children": {
                                        "OffPolicyTrainer._update_policy": {
                                            "total": 3.4207076996099204,